Series ID,Year,Value
APU0000701111,1980,0.21
APU0000701111,1981,0.22
APU0000701111,1982,0.22
APU0000701111,1983,0.22
APU0000701111,1984,0.21
APU0000701111,1985,0.21
APU0000701111,1986,0.21
APU0000701111,1987,0.21
APU0000701111,1988,0.21
APU0000701111,1989,0.24
APU0000701111,1990,0.25
APU0000701111,1991,0.23
APU0000701111,1992,0.24
APU0000701111,1993,0.23
APU0000701111,1994,0.23
APU0000701111,1995,0.25
APU0000701111,1996,0.29
APU0000701111,1997,0.3
APU0000701111,1998,0.3
APU0000701111,1999,0.29
APU0000701111,2000,0.29
APU0000701111,2001,0.3
APU0000701111,2002,0.31
APU0000701111,2003,0.31
APU0000701111,2004,0.3
APU0000701111,2005,0.32
APU0000701111,2006,0.33
APU0000701111,2007,0.36
APU0000701111,2008,0.51
APU0000701111,2009,0.5
APU0000701111,2010,0.48
APU0000701111,2011,0.52
APU0000701111,2012,0.52
APU0000701111,2013,0.52
APU0000701111,2014,0.53
APU0000701111,2015,0.52
APU0000701111,2016,0.52
APU0000701111,2017,0.51
APU0000701111,2018,0.46
APU0000701111,2019,0.44
APU0000701111,2020,0.45
APU0000701111,2021,0.4
APU0000701111,2022,0.49
APU0000701111,2023,0.55
APU0000701111,2024,0.57
APU0000701111,2025,0.56
APU0000701312,1980,0.51
APU0000701312,1981,0.56
APU0000701312,1982,0.5
APU0000701312,1983,0.47
APU0000701312,1984,0.48
APU0000701312,1985,0.47
APU0000701312,1986,0.45
APU0000701312,1987,0.4
APU0000701312,1988,0.48
APU0000701312,1989,0.5
APU0000701312,1990,0.5
APU0000701312,1991,0.5
APU0000701312,1992,0.53
APU0000701312,1993,0.51
APU0000701312,1994,0.55
APU0000701312,1995,0.52
APU0000701312,1996,0.55
APU0000701312,1997,0.56
APU0000701312,1998,0.54
APU0000701312,1999,0.54
APU0000701312,2000,0.49
APU0000701312,2002,0.47
APU0000701312,2003,0.45
APU0000701312,2004,0.54
APU0000701312,2005,0.55
APU0000701312,2006,0.55
APU0000701312,2007,0.55
APU0000701312,2008,0.73
APU0000701312,2009,0.77
APU0000701312,2010,0.74
APU0000701312,2011,0.74
APU0000701312,2012,0.7
APU0000701312,2013,0.72
APU0000701312,2014,0.73
APU0000701312,2015,0.69
APU0000701312,2016,0.72
APU0000701312,2017,0.72
APU0000701312,2018,0.69
APU0000701312,2019,0.76
APU0000701312,2020,0.76
APU0000701312,2021,0.79
APU0000701312,2022,0.91
APU0000701312,2023,0.98
APU0000701312,2024,1.03
APU0000701312,2025,1.05
APU0000701321,1980,0.68
APU0000701321,1981,0.74
APU0000702111,1980,0.51
APU0000702111,1981,0.53
APU0000702111,1982,0.53
APU0000702111,1983,0.54
APU0000702111,1984,0.54
APU0000702111,1985,0.55
APU0000702111,1986,0.56
APU0000702111,1987,0.55
APU0000702111,1988,0.61
APU0000702111,1989,0.67
APU0000702111,1990,0.69
APU0000702111,1991,0.71
APU0000702111,1992,0.75
APU0000702111,1993,0.75
APU0000702111,1994,0.76
APU0000702111,1995,0.79
APU0000702111,1996,0.88
APU0000702111,1997,0.87
APU0000702111,1998,0.86
APU0000702111,1999,0.89
APU0000702111,2000,0.93
APU0000702111,2001,1.0
APU0000702111,2002,1.02
APU0000702111,2003,1.0
APU0000702111,2004,0.97
APU0000702111,2005,1.04
APU0000702111,2006,1.08
APU0000702111,2007,1.21
APU0000702111,2008,1.37
APU0000702111,2009,1.39
APU0000702111,2010,1.37
APU0000702111,2011,1.44
APU0000702111,2012,1.42
APU0000702111,2013,1.41
APU0000702111,2014,1.4
APU0000702111,2015,1.44
APU0000702111,2016,1.37
APU0000702111,2017,1.33
APU0000702111,2018,1.29
APU0000702111,2019,1.3
APU0000702111,2020,1.45
APU0000702111,2021,1.52
APU0000702111,2022,1.7
APU0000702111,2023,1.96
APU0000702111,2024,1.97
APU0000702111,2025,1.87
APU0000702213,1980,0.63
APU0000702213,1981,0.68
APU0000702221,1980,0.78
APU0000702221,1981,0.85
APU0000702221,1982,0.82
APU0000702221,1983,0.81
APU0000702221,1984,0.8
APU0000702411,1980,1.58
APU0000702411,1981,1.74
APU0000702411,1982,1.8
APU0000702411,1983,1.91
APU0000702411,1984,2.04
APU0000702411,1985,2.1
APU0000702411,1986,2.3
APU0000702421,1980,1.58
APU0000702421,1981,1.73
APU0000702421,1982,1.77
APU0000702421,1983,1.82
APU0000702421,1984,1.87
APU0000702421,1985,1.94
APU0000702421,1986,1.99
APU0000702421,1987,2.0
APU0000702421,1988,2.12
APU0000702421,1989,2.38
APU0000702421,1990,2.61
APU0000702421,1991,2.69
APU0000702421,1992,2.77
APU0000702421,1993,2.46
APU0000702421,1994,2.54
APU0000702421,1995,2.47
APU0000702421,1996,2.58
APU0000702421,1997,2.61
APU0000702421,1998,2.54
APU0000702421,1999,2.6
APU0000702421,2000,2.59
APU0000702421,2001,2.44
APU0000702421,2002,2.59
APU0000702421,2003,2.81
APU0000702421,2004,2.65
APU0000702421,2005,2.67
APU0000702421,2006,2.88
APU0000702421,2007,2.7
APU0000702421,2008,2.88
APU0000702421,2009,3.17
APU0000702421,2010,3.25
APU0000702421,2011,3.35
APU0000702421,2012,3.62
APU0000702421,2013,3.64
APU0000702421,2014,3.41
APU0000702421,2015,3.35
APU0000702421,2016,3.35
APU0000702421,2017,3.49
APU0000702421,2018,3.5
APU0000702421,2019,3.49
APU0000702421,2020,3.7
APU0000702421,2021,3.96
APU0000702421,2022,4.56
APU0000702421,2023,5.12
APU0000702421,2024,5.04
APU0000702421,2025,5.05
APU0000702611,1980,0.82
APU0000702611,1981,0.85
APU0000702611,1982,0.88
APU0000702611,1983,0.94
APU0000702611,1984,0.96
APU0000702611,1985,1.02
APU0000702611,1986,0.99
APU0000702611,1987,1.0
APU0000702611,1988,1.07
APU0000702611,1989,1.14
APU0000702611,1994,1.39
APU0000702611,1995,1.42
APU0000702611,1996,1.53
APU0000702611,1997,1.55
APU0000702611,1998,1.68
APU0000702611,1999,1.61
APU0000702611,2000,1.64
APU0000703112,1984,1.29
APU0000703112,1985,1.24
APU0000703112,1986,1.23
APU0000703112,1987,1.31
APU0000703112,1988,1.36
APU0000703112,1989,1.44
APU0000703112,1990,1.59
APU0000703112,1991,1.6
APU0000703112,1992,1.54
APU0000703112,1993,1.57
APU0000703112,1994,1.48
APU0000703112,1995,1.37
APU0000703112,1996,1.37
APU0000703112,1997,1.4
APU0000703112,1998,1.41
APU0000703112,1999,1.45
APU0000703112,2000,1.57
APU0000703112,2001,1.71
APU0000703112,2002,1.71
APU0000703112,2003,1.95
APU0000703112,2004,2.16
APU0000703112,2005,2.3
APU0000703112,2006,2.22
APU0000703112,2007,2.3
APU0000703112,2008,2.34
APU0000703112,2009,2.22
APU0000703112,2010,2.37
APU0000703112,2011,2.77
APU0000703112,2012,3.03
APU0000703112,2013,3.4
APU0000703112,2014,3.9
APU0000703112,2015,4.17
APU0000703112,2016,3.75
APU0000703112,2017,3.64
APU0000703112,2018,3.72
APU0000703112,2019,3.81
APU0000703112,2020,4.12
APU0000703112,2021,4.33
APU0000703112,2022,4.81
APU0000703112,2023,5.02
APU0000703112,2024,5.39
APU0000703112,2025,6.09
APU0000703411,1980,2.95
APU0000703411,1981,3.03
APU0000703411,1982,3.22
APU0000703411,1983,3.24
APU0000703411,1984,3.35
APU0000703411,1985,3.28
APU0000703411,1986,3.26
APU0000703411,1987,3.54
APU0000703411,1988,3.89
APU0000703411,1989,4.17
APU0000703411,1990,4.49
APU0000703411,1991,4.7
APU0000703411,1992,4.65
APU0000703411,1993,4.85
APU0000703411,1994,4.79
APU0000703411,1995,4.96
APU0000703411,1996,4.98
APU0000703411,1997,5.15
APU0000703425,1991,6.21
APU0000703425,1992,6.09
APU0000703425,1993,6.41
APU0000703425,1994,6.37
APU0000703425,1995,6.41
APU0000703425,1996,5.81
APU0000703425,1997,5.77
APU0000703425,1998,6.06
APU0000703425,1999,6.39
APU0000703425,2000,7.05
APU0000703425,2001,7.85
APU0000703431,1991,2.64
APU0000703431,1992,2.62
APU0000703431,1993,2.69
APU0000703431,1994,2.7
APU0000703431,2002,3.18
APU0000703431,2003,3.57
APU0000703431,2004,3.42
APU0000703431,2008,3.72
APU0000703431,2009,3.68
APU0000703431,2010,4.19
APU0000703431,2011,4.44
APU0000704111,1980,1.46
APU0000704111,1981,1.67
APU0000704111,1982,2.05
APU0000704111,1983,1.94
APU0000704111,1984,1.86
APU0000704111,1985,1.94
APU0000704111,1986,2.08
APU0000704111,1987,2.14
APU0000704111,1988,1.88
APU0000704111,1989,1.77
APU0000704111,1990,2.12
APU0000704111,1991,2.22
APU0000704111,1992,1.92
APU0000704111,1993,1.93
APU0000704111,1994,1.99
APU0000704111,1995,1.99
APU0000704111,1996,2.47
APU0000704111,1997,2.68
APU0000704111,1998,2.54
APU0000704111,1999,2.55
APU0000704111,2000,3.03
APU0000704111,2001,3.25
APU0000704111,2002,3.24
APU0000704111,2003,3.2
APU0000704111,2004,3.38
APU0000704111,2005,3.39
APU0000704111,2006,3.44
APU0000704111,2007,3.66
APU0000704111,2008,3.66
APU0000704111,2009,3.61
APU0000704111,2010,4.11
APU0000704111,2011,4.63
APU0000704111,2012,4.56
APU0000704111,2013,5.29
APU0000704111,2014,5.78
APU0000704111,2015,5.45
APU0000704111,2016,5.42
APU0000704111,2017,5.77
APU0000704111,2018,5.47
APU0000704111,2019,5.61
APU0000704111,2020,5.58
APU0000704111,2021,6.64
APU0000704111,2022,7.31
APU0000704111,2023,6.65
APU0000704111,2024,6.78
APU0000704111,2025,7.02
APU0000704211,1980,1.95
APU0000704211,1981,2.13
APU0000704211,1982,2.39
APU0000704211,1983,2.37
APU0000704211,1984,2.38
APU0000704211,1985,2.34
APU0000704211,1986,2.59
APU0000704211,1987,2.82
APU0000704211,1988,2.77
APU0000704211,1989,2.85
APU0000704211,1990,3.26
APU0000704211,1991,3.26
APU0000704211,1992,3.15
APU0000704211,1993,3.24
APU0000704211,1994,3.22
APU0000704211,1995,3.21
APU0000704211,1996,3.41
APU0000704211,1997,3.48
APU0000704211,1998,3.23
APU0000704211,1999,3.17
APU0000704211,2000,3.37
APU0000704211,2001,3.52
APU0000704211,2002,3.4
APU0000704211,2003,3.13
APU0000704211,2004,3.08
APU0000704211,2005,3.25
APU0000704211,2006,3.28
APU0000704211,2007,3.29
APU0000704211,2008,3.46
APU0000704211,2009,3.35
APU0000704211,2010,3.45
APU0000704211,2011,3.73
APU0000704211,2012,3.73
APU0000704211,2013,3.68
APU0000704211,2014,4.19
APU0000704211,2015,4.11
APU0000704211,2016,3.87
APU0000704211,2017,3.73
APU0000704211,2018,3.8
APU0000704211,2019,3.84
APU0000704211,2020,4.12
APU0000704211,2021,4.22
APU0000704211,2022,4.55
APU0000704211,2023,4.5
APU0000704211,2024,4.53
APU0000704211,2025,4.56
APU0000704311,1980,1.23
APU0000704311,1981,1.31
APU0000704311,1982,1.45
APU0000704311,1983,1.38
APU0000704311,1984,1.32
APU0000704311,1985,1.28
APU0000704311,1986,1.47
APU0000704311,1987,1.54
APU0000704311,1988,1.6
APU0000704311,1991,1.67
APU0000704311,1992,1.61
APU0000704311,1993,1.59
APU0000704311,1994,1.64
APU0000704311,1995,1.55
APU0000704311,1996,1.87
APU0000704311,1997,1.94
APU0000704311,1998,2.11
APU0000704311,1999,2.05
APU0000704311,2001,2.28
APU0000704311,2002,2.32
APU0000704311,2006,1.93
APU0000704311,2007,1.85
APU0000704311,2008,1.91
APU0000704311,2009,1.89
APU0000704311,2010,2.12
APU0000704311,2011,2.23
APU0000704311,2012,2.16
APU0000704311,2013,2.25
APU0000704311,2014,2.49
APU0000704311,2015,2.33
APU0000704311,2016,2.1
APU0000704421,1980,1.41
APU0000704421,1981,1.61
APU0000704421,1982,1.88
APU0000704421,1983,1.87
APU0000704421,1984,1.71
APU0000704421,1985,1.74
APU0000704421,1986,1.91
APU0000704421,1987,1.99
APU0000704421,1988,1.97
APU0000704421,1989,2.0
APU0000704421,1990,2.35
APU0000704421,1991,2.41
APU0000704421,1992,2.2
APU0000704421,1993,2.11
APU0000704421,1994,1.98
APU0000704421,1995,1.91
APU0000704421,1996,2.01
APU0000704421,1997,2.15
APU0000704421,1998,2.37
APU0000704421,1999,2.42
APU0000704421,2000,2.63
APU0000704421,2001,2.78
APU0000704421,2002,2.68
APU0000705121,1980,2.01
APU0000705121,1981,2.11
APU0000705121,1982,2.21
APU0000705121,1983,2.18
APU0000705121,1984,2.13
APU0000705121,1985,2.11
APU0000705121,1986,2.17
APU0000705121,1987,2.19
APU0000705121,1988,2.24
APU0000705121,1989,2.28
APU0000705121,1990,2.51
APU0000705121,1991,2.59
APU0000705121,1992,2.47
APU0000705121,1993,2.38
APU0000705121,1994,2.29
APU0000705121,1995,2.31
APU0000705121,1996,2.33
APU0000705121,1997,2.37
APU0000705121,1998,2.43
APU0000705121,1999,2.42
APU0000705121,2000,2.43
APU0000705121,2001,2.5
APU0000705121,2002,2.34
APU0000705121,2003,2.39
APU0000705121,2004,2.6
APU0000705121,2005,2.4
APU0000705121,2006,2.29
APU0000705121,2007,2.44
APU0000705121,2008,2.76
APU0000705121,2009,3.17
APU0000705121,2010,3.22
APU0000705121,2011,3.15
APU0000705121,2012,2.92
APU0000705121,2013,3.05
APU0000705121,2014,3.01
APU0000705121,2015,2.82
APU0000705121,2016,2.65
APU0000705121,2017,2.74
APU0000705121,2018,2.67
APU0000705121,2019,2.7
APU0000705121,2025,
APU0000705142,1991,3.57
APU0000705142,1992,3.35
APU0000705142,1993,3.18
APU0000705142,1994,3.3
APU0000706111,1980,0.71
APU0000706111,1981,0.73
APU0000706111,1982,0.71
APU0000706111,1983,0.72
APU0000706111,1984,0.81
APU0000706111,1985,0.76
APU0000706111,1986,0.84
APU0000706111,1987,0.78
APU0000706111,1988,0.85
APU0000706111,1989,0.93
APU0000706111,1990,0.9
APU0000706111,1991,0.88
APU0000706111,1992,0.87
APU0000706111,1993,0.89
APU0000706111,1994,0.9
APU0000706111,1995,0.92
APU0000706111,1996,0.97
APU0000706111,1997,1.0
APU0000706111,1998,1.04
APU0000706111,1999,1.06
APU0000706111,2000,1.07
APU0000706111,2001,1.11
APU0000706111,2002,1.07
APU0000706111,2003,1.03
APU0000706111,2004,1.07
APU0000706111,2005,1.06
APU0000706111,2006,1.05
APU0000706111,2007,1.12
APU0000706111,2008,1.21
APU0000706111,2009,1.28
APU0000706111,2010,1.26
APU0000706111,2011,1.29
APU0000706111,2012,1.42
APU0000706111,2013,1.5
APU0000706111,2014,1.53
APU0000706111,2015,1.49
APU0000706111,2016,1.46
APU0000706111,2017,1.47
APU0000706111,2018,1.5
APU0000706111,2019,1.5
APU0000706111,2020,1.56
APU0000706111,2021,1.53
APU0000706111,2022,1.8
APU0000706111,2023,1.91
APU0000706111,2024,2.0
APU0000706111,2025,2.06
APU0000706311,1980,0.94
APU0000706311,1981,0.98
APU0000706311,1982,0.93
APU0000706311,1983,0.92
APU0000706311,1984,0.99
APU0000706311,1985,1.05
APU0000706311,1986,1.07
APU0000706311,1987,1.01
APU0000706311,1988,0.96
APU0000706311,1989,0.99
APU0000706311,1990,0.99
APU0000706311,1991,1.0
APU0000706311,1992,0.97
APU0000706311,1993,1.0
APU0000706311,1994,1.0
APU0000706311,1995,1.02
APU0000706311,1996,1.04
APU0000706311,1997,1.05
APU0000706311,1998,1.0
APU0000706311,1999,0.99
APU0000706311,2000,1.03
APU0000706311,2001,1.1
APU0000706311,2002,1.05
APU0000706311,2003,1.08
APU0000706311,2004,1.09
APU0000706311,2005,1.07
APU0000706311,2006,1.11
APU0000706311,2007,1.15
APU0000706311,2008,1.25
APU0000706311,2009,1.4
APU0000706311,2010,1.48
APU0000706311,2011,1.58
APU0000706311,2012,1.62
APU0000706311,2013,1.65
APU0000706311,2014,1.6
APU0000706311,2015,1.51
APU0000706311,2016,1.55
APU0000706311,2017,1.58
APU0000706311,2018,1.5
APU0000706311,2019,1.52
APU0000706311,2020,1.61
APU0000706311,2025,
APU0000707111,1980,2.36
APU0000707111,1981,2.55
APU0000707111,1982,2.47
APU0000707111,1983,2.31
APU0000707111,1984,2.12
APU0000707111,1985,2.01
APU0000707111,1986,2.0
APU0000707111,1987,1.97
APU0000707111,1988,2.16
APU0000707111,1989,2.08
APU0000707111,1990,2.07
APU0000707111,1991,2.07
APU0000707111,1992,2.03
APU0000707111,1993,1.97
APU0000707111,1994,2.03
APU0000707111,1995,1.99
APU0000707111,1996,1.97
APU0000707111,1997,2.01
APU0000707111,1998,2.12
APU0000707111,1999,2.07
APU0000707111,2000,1.94
APU0000707111,2001,1.92
APU0000707111,2002,2.0
APU0000707111,2003,1.84
APU0000707111,2004,1.72
APU0000707111,2005,1.85
APU0000707111,2015,3.28
APU0000707111,2016,3.13
APU0000707111,2017,3.08
APU0000708111,1980,0.84
APU0000708111,1981,0.9
APU0000708111,1982,0.87
APU0000708111,1983,0.89
APU0000708111,1984,1.0
APU0000708111,1985,0.8
APU0000708111,1986,0.87
APU0000708111,1987,0.78
APU0000708111,1988,0.79
APU0000708111,1989,1.0
APU0000708111,1990,1.01
APU0000708111,1991,0.99
APU0000708111,1992,0.86
APU0000708111,1993,0.91
APU0000708111,1994,0.86
APU0000708111,1995,0.92
APU0000708111,1996,1.11
APU0000708111,1997,1.06
APU0000708111,1998,1.04
APU0000708111,1999,0.96
APU0000708111,2000,0.91
APU0000708111,2001,0.93
APU0000708111,2002,1.03
APU0000708111,2003,1.24
APU0000708111,2004,1.34
APU0000708111,2005,1.22
APU0000708111,2006,1.31
APU0000708111,2007,1.68
APU0000708111,2008,1.99
APU0000708111,2009,1.66
APU0000708111,2010,1.66
APU0000708111,2011,1.77
APU0000708111,2012,1.84
APU0000708111,2013,1.91
APU0000708111,2014,2.02
APU0000708111,2015,2.47
APU0000708111,2016,1.68
APU0000708111,2017,1.47
APU0000708111,2018,1.74
APU0000708111,2019,1.4
APU0000708111,2020,1.51
APU0000708111,2021,1.67
APU0000708111,2022,2.86
APU0000708111,2023,2.8
APU0000708111,2024,3.17
APU0000708111,2025,4.25
APU0000708112,1980,0.84
APU0000708112,1981,0.92
APU0000708112,1982,0.87
APU0000708112,1983,0.93
APU0000708112,1984,1.03
APU0000708112,1985,0.9
APU0000708112,1986,0.98
APU0000708112,1987,0.93
APU0000708112,1988,0.88
APU0000708112,1995,1.14
APU0000708112,1996,1.24
APU0000708112,1997,1.27
APU0000708112,2025,
APU0000709112,1995,2.48
APU0000709112,1996,2.62
APU0000709112,1997,2.61
APU0000709112,1998,2.7
APU0000709112,1999,2.84
APU0000709112,2000,2.78
APU0000709112,2001,2.88
APU0000709112,2002,2.76
APU0000709112,2003,2.76
APU0000709112,2004,3.16
APU0000709112,2005,3.19
APU0000709112,2006,3.08
APU0000709112,2007,3.5
APU0000709112,2008,3.8
APU0000709112,2009,3.11
APU0000709112,2010,3.26
APU0000709112,2011,3.57
APU0000709112,2012,3.49
APU0000709112,2013,3.46
APU0000709112,2014,3.69
APU0000709112,2015,3.42
APU0000709112,2016,3.2
APU0000709112,2017,3.23
APU0000709112,2018,2.9
APU0000709112,2019,3.04
APU0000709112,2020,3.32
APU0000709112,2021,3.54
APU0000709112,2022,4.09
APU0000709112,2023,4.03
APU0000709112,2024,3.98
APU0000709112,2025,4.07
APU0000710211,1984,2.51
APU0000710211,1985,2.53
APU0000710211,1986,2.6
APU0000710211,1987,2.69
APU0000710211,1988,2.78
APU0000710211,1989,2.93
APU0000710211,1991,3.44
APU0000710211,1992,3.32
APU0000710211,1993,3.09
APU0000710211,1994,3.07
APU0000710211,1995,3.07
APU0000710211,1996,3.34
APU0000710211,1997,3.45
APU0000710211,1998,3.59
APU0000710211,1999,3.81
APU0000710211,2000,3.7
APU0000710211,2001,3.87
APU0000710211,2002,3.88
APU0000710211,2003,3.77
APU0000710211,2004,3.98
APU0000710211,2005,3.88
APU0000710211,2006,3.72
APU0000710211,2007,3.84
APU0000710211,2008,4.04
APU0000710211,2009,3.9
APU0000710211,2010,3.91
APU0000710211,2011,4.07
APU0000710211,2012,4.19
APU0000710211,2013,4.17
APU0000710211,2014,4.49
APU0000710211,2015,4.46
APU0000710211,2016,4.37
APU0000710211,2017,4.25
APU0000710211,2018,4.01
APU0000710211,2019,3.88
APU0000710211,2020,4.1
APU0000710211,2021,4.04
APU0000710211,2022,4.4
APU0000710211,2023,4.76
APU0000710211,2024,4.89
APU0000710211,2025,4.95
APU0000710212,1984,3.07
APU0000710212,1985,3.09
APU0000710212,1986,3.05
APU0000710212,1987,3.06
APU0000710212,1988,3.16
APU0000710212,1989,3.2
APU0000710212,1991,3.55
APU0000710212,1992,3.57
APU0000710212,1993,3.34
APU0000710212,1994,3.35
APU0000710212,1995,3.39
APU0000710212,1996,3.25
APU0000710212,1997,3.22
APU0000710212,1998,3.55
APU0000710212,1999,3.77
APU0000710212,2000,3.83
APU0000710212,2001,4.03
APU0000710212,2002,4.22
APU0000710212,2003,3.95
APU0000710212,2004,4.27
APU0000710212,2005,4.38
APU0000710212,2006,4.25
APU0000710212,2007,4.23
APU0000710212,2008,4.73
APU0000710212,2009,4.67
APU0000710212,2010,4.71
APU0000710212,2011,5.42
APU0000710212,2012,5.63
APU0000710212,2013,5.56
APU0000710212,2014,5.54
APU0000710212,2015,5.38
APU0000710212,2016,5.23
APU0000710212,2017,4.9
APU0000710212,2018,5.14
APU0000710212,2019,5.31
APU0000710212,2020,5.5
APU0000710212,2021,5.44
APU0000710212,2022,5.76
APU0000710212,2023,5.82
APU0000710212,2024,5.66
APU0000710212,2025,5.84
APU0000710411,1980,1.82
APU0000710411,1981,2.02
APU0000710411,1982,2.1
APU0000710411,1983,2.16
APU0000710411,1984,2.22
APU0000710411,1985,2.3
APU0000710411,1986,2.36
APU0000710411,1987,2.46
APU0000710411,1988,2.46
APU0000710411,1989,2.6
APU0000710411,1990,2.6
APU0000710411,1991,2.58
APU0000710411,1992,2.58
APU0000710411,1993,2.53
APU0000710411,1994,2.63
APU0000710411,1995,2.65
APU0000710411,1996,2.86
APU0000710411,1997,2.92
APU0000710411,1998,3.13
APU0000710411,1999,3.3
APU0000710411,2000,3.45
APU0000710411,2001,3.7
APU0000710411,2002,3.73
APU0000710411,2003,3.81
APU0000710411,2004,3.84
APU0000710411,2005,3.74
APU0000710411,2006,3.75
APU0000710411,2007,3.95
APU0000710411,2008,4.21
APU0000710411,2009,4.32
APU0000710411,2010,4.46
APU0000710411,2011,4.93
APU0000710411,2012,5.04
APU0000710411,2013,4.99
APU0000710411,2014,4.89
APU0000710411,2015,4.74
APU0000710411,2016,4.76
APU0000710411,2017,4.69
APU0000710411,2018,4.74
APU0000710411,2019,4.81
APU0000710411,2020,4.92
APU0000710411,2021,4.89
APU0000710411,2022,5.43
APU0000710411,2023,5.9
APU0000710411,2024,6.13
APU0000710411,2025,6.37
APU0000711111,1980,0.63
APU0000711111,1981,0.57
APU0000711111,1982,0.64
APU0000711111,1983,0.59
APU0000711111,1984,0.66
APU0000711111,1985,0.68
APU0000711111,1986,0.77
APU0000711111,1987,0.73
APU0000711111,1988,0.73
APU0000711111,1989,0.69
APU0000711111,1990,0.72
APU0000711111,1991,0.89
APU0000711111,1992,0.89
APU0000711111,1993,0.83
APU0000711111,1994,0.8
APU0000711111,1995,0.83
APU0000711111,1996,0.93
APU0000711111,1997,0.91
APU0000711111,1998,0.94
APU0000711111,1999,0.9
APU0000711111,2000,0.92
APU0000711111,2001,0.87
APU0000711111,2002,0.95
APU0000711111,2003,0.98
APU0000711111,2004,1.04
APU0000711111,2005,0.95
APU0000711111,2006,1.07
APU0000711111,2007,1.12
APU0000711111,2008,1.32
APU0000711111,2009,1.18
APU0000711111,2010,1.22
APU0000711111,2011,1.35
APU0000711111,2012,1.38
APU0000711111,2013,1.39
APU0000711111,2014,1.35
APU0000711111,2015,1.36
APU0000711111,2016,1.44
APU0000711111,2017,1.29
APU0000711211,1980,0.34
APU0000711211,1981,0.36
APU0000711211,1982,0.35
APU0000711211,1983,0.39
APU0000711211,1984,0.36
APU0000711211,1985,0.37
APU0000711211,1986,0.38
APU0000711211,1987,0.36
APU0000711211,1988,0.42
APU0000711211,1989,0.45
APU0000711211,1990,0.46
APU0000711211,1991,0.48
APU0000711211,1992,0.46
APU0000711211,1993,0.44
APU0000711211,1994,0.46
APU0000711211,1995,0.49
APU0000711211,1996,0.49
APU0000711211,1997,0.49
APU0000711211,1998,0.49
APU0000711211,1999,0.49
APU0000711211,2000,0.5
APU0000711211,2001,0.51
APU0000711211,2002,0.51
APU0000711211,2003,0.51
APU0000711211,2004,0.5
APU0000711211,2005,0.49
APU0000711211,2006,0.5
APU0000711211,2007,0.51
APU0000711211,2008,0.61
APU0000711211,2009,0.61
APU0000711211,2010,0.58
APU0000711211,2011,0.61
APU0000711211,2012,0.6
APU0000711211,2013,0.6
APU0000711211,2014,0.6
APU0000711211,2015,0.58
APU0000711211,2016,0.57
APU0000711211,2017,0.56
APU0000711211,2018,0.57
APU0000711211,2019,0.57
APU0000711211,2020,0.58
APU0000711211,2021,0.6
APU0000711211,2022,0.64
APU0000711211,2023,0.63
APU0000711211,2024,0.62
APU0000711211,2025,0.65
APU0000711311,1980,0.36
APU0000711311,1981,0.39
APU0000711311,1982,0.43
APU0000711311,1983,0.39
APU0000711311,1984,0.42
APU0000711311,1985,0.53
APU0000711311,1986,0.48
APU0000711311,1987,0.54
APU0000711311,1988,0.53
APU0000711311,1989,0.52
APU0000711311,1990,0.57
APU0000711311,1991,0.78
APU0000711311,1992,0.57
APU0000711311,1993,0.55
APU0000711311,1994,0.55
APU0000711311,1995,0.62
APU0000711311,1996,0.62
APU0000711311,1997,0.6
APU0000711311,1998,0.56
APU0000711311,1999,0.84
APU0000711311,2000,0.63
APU0000711311,2001,0.72
APU0000711311,2002,0.84
APU0000711311,2003,0.84
APU0000711311,2004,0.86
APU0000711311,2005,1.0
APU0000711311,2006,1.09
APU0000711311,2007,1.28
APU0000711311,2008,1.12
APU0000711311,2009,1.05
APU0000711311,2010,1.06
APU0000711311,2011,1.1
APU0000711311,2012,1.05
APU0000711311,2013,1.15
APU0000711311,2014,1.32
APU0000711311,2015,1.3
APU0000711311,2016,1.25
APU0000711311,2017,1.34
APU0000711311,2018,1.41
APU0000711311,2019,1.37
APU0000711311,2020,1.24
APU0000711311,2021,1.36
APU0000711311,2022,1.57
APU0000711311,2023,1.58
APU0000711311,2024,1.62
APU0000711311,2025,1.6
APU0000711411,1980,0.35
APU0000711411,1981,0.4
APU0000711411,1982,0.35
APU0000711411,1983,0.37
APU0000711411,1984,0.4
APU0000711411,1985,0.47
APU0000711411,1986,0.51
APU0000711411,1987,0.52
APU0000711411,1988,0.52
APU0000711411,1989,0.53
APU0000711411,1990,0.66
APU0000711411,1991,0.62
APU0000711411,1992,0.61
APU0000711411,1993,0.53
APU0000711411,1994,0.51
APU0000711411,1995,0.55
APU0000711411,1996,0.57
APU0000711411,1997,0.56
APU0000711411,1998,0.6
APU0000711411,1999,0.65
APU0000711411,2000,0.61
APU0000711411,2001,0.65
APU0000711411,2002,0.65
APU0000711411,2003,0.72
APU0000711411,2004,0.82
APU0000711411,2005,1.09
APU0000711411,2006,1.11
APU0000711411,2007,0.96
APU0000711411,2008,0.97
APU0000711411,2009,0.9
APU0000711411,2010,0.93
APU0000711411,2011,0.98
APU0000711411,2012,1.08
APU0000711411,2013,1.05
APU0000711411,2014,1.11
APU0000711411,2015,1.09
APU0000711411,2016,1.16
APU0000711411,2017,1.28
APU0000711411,2018,1.35
APU0000711411,2019,1.35
APU0000711411,2020,1.21
APU0000711411,2023,1.7
APU0000711411,2024,1.68
APU0000711411,2025,1.67
APU0000711412,1980,0.7
APU0000711412,1981,0.7
APU0000711412,1982,0.77
APU0000711412,1983,0.75
APU0000711412,1984,0.75
APU0000711412,1985,0.93
APU0000711412,1986,0.82
APU0000711412,1987,0.9
APU0000711412,1988,0.93
APU0000711412,1989,1.0
APU0000711412,1990,1.07
APU0000711412,1991,1.23
APU0000711412,1992,1.01
APU0000711412,1993,1.08
APU0000711412,1994,1.11
APU0000711412,1995,1.14
APU0000711412,1996,1.11
APU0000711412,1997,1.25
APU0000711412,1998,1.2
APU0000711412,1999,1.33
APU0000711412,2000,1.29
APU0000711412,2001,1.26
APU0000711412,2002,1.39
APU0000711412,2003,1.32
APU0000711412,2004,1.23
APU0000711412,2005,1.41
APU0000711412,2006,1.53
APU0000711412,2007,1.86
APU0000711412,2008,2.01
APU0000711412,2009,1.52
APU0000711412,2010,1.63
APU0000711412,2011,1.58
APU0000711412,2012,1.56
APU0000711412,2013,1.58
APU0000711412,2014,1.97
APU0000711412,2015,1.98
APU0000711412,2016,2.04
APU0000711412,2017,2.01
APU0000711412,2018,2.25
APU0000711412,2019,2.13
APU0000711412,2020,1.93
APU0000711412,2021,1.98
APU0000711412,2022,2.13
APU0000711412,2023,2.14
APU0000711412,2024,2.02
APU0000711412,2025,2.0
APU0000711413,1980,0.61
APU0000711413,1981,0.59
APU0000711413,1982,0.61
APU0000711413,1983,0.62
APU0000711413,1984,0.54
APU0000711413,1985,0.7
APU0000711413,1986,0.77
APU0000711413,1987,0.74
APU0000711413,1988,0.63
APU0000711413,1989,0.73
APU0000711413,1990,0.76
APU0000711413,1991,0.84
APU0000711413,1992,0.83
APU0000711413,1993,0.86
APU0000711413,1994,0.8
APU0000711413,1995,0.77
APU0000711413,1996,0.92
APU0000711413,1997,0.99
APU0000711413,1998,0.93
APU0000711413,1999,0.95
APU0000711413,2000,0.96
APU0000711413,2001,0.97
APU0000711413,2002,1.0
APU0000711413,2003,0.99
APU0000711413,2004,1.17
APU0000711413,2005,1.11
APU0000711413,2006,1.13
APU0000711413,2007,1.27
APU0000711413,2008,1.33
APU0000711413,2009,1.3
APU0000711413,2010,1.29
APU0000711413,2011,1.41
APU0000711413,2012,1.25
APU0000711413,2016,1.67
APU0000711413,2017,1.6
APU0000711413,2018,1.58
APU0000711413,2019,1.6
APU0000711413,2025,
APU0000711414,1980,0.51
APU0000711414,1981,0.55
APU0000711414,1982,0.68
APU0000711414,1983,0.68
APU0000711414,1984,0.57
APU0000711414,1985,0.69
APU0000711414,1986,0.68
APU0000711414,1987,0.67
APU0000711414,1988,0.68
APU0000711414,1989,0.84
APU0000711414,1990,1.03
APU0000711414,1991,0.96
APU0000711414,1992,0.89
APU0000711414,1993,0.95
APU0000711414,1994,0.95
APU0000711414,1995,1.09
APU0000711414,1996,1.18
APU0000711414,1997,1.05
APU0000711414,1998,1.36
APU0000711414,1999,1.43
APU0000711414,2000,1.32
APU0000711414,2001,1.49
APU0000711414,2002,1.52
APU0000711414,2003,1.47
APU0000711414,2004,1.42
APU0000711414,2005,1.58
APU0000711414,2006,1.64
APU0000711414,2007,1.56
APU0000711414,2008,1.64
APU0000711414,2009,1.63
APU0000711414,2010,1.75
APU0000711414,2011,1.64
APU0000711414,2012,1.7
APU0000711414,2013,1.67
APU0000711414,2014,1.94
APU0000711414,2015,1.81
APU0000711414,2016,1.78
APU0000711414,2017,2.02
APU0000711414,2018,2.08
APU0000711414,2019,2.07
APU0000711414,2020,2.09
APU0000711414,2025,
APU0000711415,1980,0.64
APU0000711415,1981,0.74
APU0000711415,1982,0.84
APU0000711415,1983,0.76
APU0000711415,1984,0.8
APU0000711415,1985,0.83
APU0000711415,1986,0.83
APU0000711415,1987,0.96
APU0000711415,1988,1.0
APU0000711415,1989,1.04
APU0000711415,1990,1.14
APU0000711415,1991,1.08
APU0000711415,1992,1.14
APU0000711415,1993,1.12
APU0000711415,1994,1.13
APU0000711415,1995,1.32
APU0000711415,1996,1.29
APU0000711415,1997,1.36
APU0000711415,1998,1.64
APU0000711415,1999,1.69
APU0000711415,2000,1.53
APU0000711415,2001,1.87
APU0000711415,2002,1.86
APU0000711415,2003,1.93
APU0000711415,2004,2.23
APU0000711415,2005,2.11
APU0000711415,2006,2.04
APU0000711415,2007,2.2
APU0000711415,2008,2.29
APU0000711415,2009,2.1
APU0000711415,2010,2.19
APU0000711415,2011,2.08
APU0000711415,2012,1.99
APU0000711415,2013,2.02
APU0000711415,2014,2.29
APU0000711415,2015,2.22
APU0000711415,2016,2.44
APU0000711415,2017,2.34
APU0000711415,2018,2.34
APU0000711415,2019,2.46
APU0000711415,2020,2.49
APU0000711415,2021,2.67
APU0000711415,2022,2.88
APU0000711415,2023,2.85
APU0000711415,2024,2.72
APU0000711415,2025,2.65
APU0000711417,1980,1.06
APU0000711417,1981,1.14
APU0000711417,1982,1.01
APU0000711417,1983,1.07
APU0000711417,1984,1.1
APU0000711417,1985,0.94
APU0000711417,1986,1.14
APU0000711417,1987,1.17
APU0000711417,1988,1.16
APU0000711417,1989,1.2
APU0000711417,1990,1.26
APU0000711417,1991,1.4
APU0000711417,1992,1.29
APU0000711417,1993,1.46
APU0000711417,1994,1.51
APU0000711417,1995,1.55
APU0000711417,1996,1.69
APU0000711417,1997,1.71
APU0000711417,1998,1.59
APU0000711417,1999,1.84
APU0000711417,2000,1.75
APU0000711417,2001,1.85
APU0000711417,2002,1.89
APU0000711417,2003,1.9
APU0000711417,2004,2.06
APU0000711417,2005,2.08
APU0000711417,2006,2.25
APU0000711417,2007,2.09
APU0000711417,2008,2.21
APU0000711417,2009,2.11
APU0000711417,2010,2.18
APU0000711417,2011,2.39
APU0000711417,2012,2.49
APU0000711417,2013,2.49
APU0000711417,2014,2.64
APU0000711417,2015,2.59
APU0000711417,2016,2.76
APU0000711417,2017,2.64
APU0000711417,2018,2.58
APU0000711417,2019,2.45
APU0000711417,2020,2.28
APU0000711417,2021,2.46
APU0000711417,2025,
APU0000711418,1980,1.05
APU0000711418,1981,1.23
APU0000711418,1982,1.54
APU0000711418,1983,1.23
APU0000711418,1984,1.25
APU0000711418,1985,1.62
APU0000711418,1986,1.27
APU0000711418,1987,1.35
APU0000711418,1988,1.63
APU0000711418,1989,1.15
APU0000711418,1990,1.75
APU0000711418,1991,2.26
APU0000711418,2007,3.31
APU0000711418,2008,3.72
APU0000711418,2009,2.99
APU0000711418,2010,3.24
APU0000711418,2011,3.4
APU0000711418,2012,3.29
APU0000711418,2013,4.05
APU0000711418,2015,3.6
APU0000711418,2016,3.47
APU0000711418,2017,3.77
APU0000711418,2018,4.2
APU0000711418,2019,3.94
APU0000711418,2025,
APU0000712111,1980,0.19
APU0000712111,1981,0.25
APU0000712111,1982,0.21
APU0000712111,1983,0.21
APU0000712111,1984,0.24
APU0000712111,1985,0.21
APU0000712111,1986,0.18
APU0000712211,1980,0.45
APU0000712211,1981,0.49
APU0000712211,1982,0.57
APU0000712211,1983,0.55
APU0000712211,1984,0.51
APU0000712211,1985,0.54
APU0000712211,1986,0.53
APU0000712211,1987,0.62
APU0000712211,1988,0.63
APU0000712211,1989,0.6
APU0000712211,1990,0.58
APU0000712211,1991,0.6
APU0000712211,1992,0.58
APU0000712211,1993,0.66
APU0000712211,1994,0.61
APU0000712211,1995,0.8
APU0000712211,1996,0.65
APU0000712211,1997,0.69
APU0000712211,1998,0.76
APU0000712211,1999,0.67
APU0000712211,2000,0.74
APU0000712211,2001,0.79
APU0000712211,2002,0.86
APU0000712211,2003,0.82
APU0000712211,2004,0.8
APU0000712211,2005,0.87
APU0000712211,2006,0.87
APU0000712211,2007,0.93
APU0000712211,2008,0.91
APU0000712211,2009,0.91
APU0000712211,2010,0.87
APU0000712211,2011,0.99
APU0000712211,2012,0.86
APU0000712211,2013,1.01
APU0000712211,2014,1.05
APU0000712211,2015,1.16
APU0000712211,2016,1.06
APU0000712211,2017,1.03
APU0000712211,2018,0.94
APU0000712211,2019,1.18
APU0000712211,2020,1.29
APU0000712211,2023,1.62
APU0000712211,2024,1.59
APU0000712211,2025,1.59
APU0000712311,1980,0.67
APU0000712311,1981,0.77
APU0000712311,1982,0.74
APU0000712311,1983,0.78
APU0000712311,1984,0.81
APU0000712311,1985,0.78
APU0000712311,1986,0.82
APU0000712311,1987,0.82
APU0000712311,1988,0.83
APU0000712311,1989,0.91
APU0000712311,1990,1.08
APU0000712311,1991,1.01
APU0000712311,1992,1.09
APU0000712311,1993,1.08
APU0000712311,1994,1.09
APU0000712311,1995,1.16
APU0000712311,1996,1.21
APU0000712311,1997,1.29
APU0000712311,1998,1.48
APU0000712311,1999,1.37
APU0000712311,2000,1.38
APU0000712311,2001,1.32
APU0000712311,2002,1.32
APU0000712311,2003,1.51
APU0000712311,2004,1.61
APU0000712311,2005,1.61
APU0000712311,2006,1.73
APU0000712311,2007,1.65
APU0000712311,2008,1.74
APU0000712311,2009,1.62
APU0000712311,2010,1.69
APU0000712311,2011,1.67
APU0000712311,2012,1.46
APU0000712311,2013,1.53
APU0000712311,2014,1.71
APU0000712311,2015,1.84
APU0000712311,2016,1.93
APU0000712311,2017,1.93
APU0000712311,2018,1.92
APU0000712311,2019,1.93
APU0000712311,2020,1.96
APU0000712311,2021,1.85
APU0000712311,2022,1.91
APU0000712311,2023,1.92
APU0000712311,2024,2.0
APU0000712311,2025,1.84
APU0000712401,1980,0.26
APU0000712401,1981,0.24
APU0000712401,1982,0.3
APU0000712401,1983,0.27
APU0000712401,1984,0.36
APU0000712401,1985,0.29
APU0000712401,1986,0.31
APU0000712401,1987,0.3
APU0000712401,1988,0.33
APU0000712401,1989,0.36
APU0000712401,1990,0.4
APU0000712401,1991,0.41
APU0000712401,1992,0.36
APU0000712401,1993,0.41
APU0000712401,1994,0.37
APU0000712401,1995,0.43
APU0000712401,1996,0.4
APU0000712401,1997,0.4
APU0000712401,1998,0.45
APU0000712401,1999,0.42
APU0000712401,2000,0.44
APU0000712401,2006,0.59
APU0000712401,2007,0.61
APU0000712401,2008,0.64
APU0000712401,2009,0.6
APU0000712401,2010,0.63
APU0000712401,2011,0.71
APU0000712401,2012,0.64
APU0000712402,1980,0.38
APU0000712402,1981,0.42
APU0000712402,1982,0.43
APU0000712402,1983,0.48
APU0000712402,1984,0.48
APU0000712402,1985,0.42
APU0000712402,1986,0.47
APU0000712402,1987,0.46
APU0000712402,1988,0.51
APU0000712402,1989,0.53
APU0000712402,1990,0.49
APU0000712402,1991,0.52
APU0000712402,1992,0.51
APU0000712402,1993,0.6
APU0000712402,1994,0.5
APU0000712402,1995,0.68
APU0000712402,1996,0.51
APU0000712402,1997,0.58
APU0000712402,1998,0.6
APU0000712402,1999,0.58
APU0000712402,2000,0.66
APU0000712402,2007,0.91
APU0000712402,2010,0.82
APU0000712402,2011,0.93
APU0000712402,2012,0.87
APU0000712403,1980,0.33
APU0000712403,1981,0.37
APU0000712403,1982,0.36
APU0000712403,1983,0.37
APU0000712403,1984,0.39
APU0000712403,1985,0.36
APU0000712403,1986,0.38
APU0000712403,1987,0.36
APU0000712403,1988,0.38
APU0000712403,1989,0.4
APU0000712403,1990,0.39
APU0000712403,1991,0.45
APU0000712403,1992,0.47
APU0000712403,1993,0.43
APU0000712403,1994,0.44
APU0000712403,1995,0.53
APU0000712403,1996,0.51
APU0000712403,1997,0.51
APU0000712403,1998,0.56
APU0000712403,1999,0.56
APU0000712403,2000,0.56
APU0000712403,2007,0.77
APU0000712403,2008,0.79
APU0000712403,2011,0.76
APU0000712403,2013,0.75
APU0000712403,2014,0.76
APU0000712404,1980,0.27
APU0000712404,1981,0.4
APU0000712404,1982,0.32
APU0000712404,1983,0.29
APU0000712404,1984,0.37
APU0000712404,1985,0.3
APU0000712404,1986,0.31
APU0000712404,1987,0.42
APU0000712404,1988,0.38
APU0000712404,1989,0.36
APU0000712404,1990,0.39
APU0000712404,1991,0.43
APU0000712404,1992,0.42
APU0000712404,1993,0.48
APU0000712404,1994,0.46
APU0000712404,1995,0.45
APU0000712404,1996,0.44
APU0000712404,1997,0.48
APU0000712405,1980,1.1
APU0000712405,1981,1.09
APU0000712405,1982,1.22
APU0000712405,1983,1.26
APU0000712405,1984,1.23
APU0000712405,1985,1.22
APU0000712405,1986,1.12
APU0000712405,1987,1.24
APU0000712406,1980,0.79
APU0000712406,1981,0.99
APU0000712406,1982,0.86
APU0000712406,1983,0.98
APU0000712406,1984,0.89
APU0000712406,1985,0.94
APU0000712406,1986,0.9
APU0000712406,1987,0.9
APU0000712406,1988,0.79
APU0000712406,1989,0.96
APU0000712406,1990,1.13
APU0000712406,1991,1.11
APU0000712406,1992,1.06
APU0000712406,1993,1.15
APU0000712406,1994,1.13
APU0000712406,1995,1.37
APU0000712406,1996,1.28
APU0000712406,1997,1.34
APU0000712406,1998,1.53
APU0000712406,1999,1.41
APU0000712406,2000,1.46
APU0000712406,2005,1.93
APU0000712406,2006,1.81
APU0000712406,2007,2.09
APU0000712406,2008,2.36
APU0000712406,2010,2.35
APU0000712406,2011,2.63
APU0000712406,2012,2.42
APU0000712406,2013,2.35
APU0000712406,2014,2.53
APU0000712406,2015,2.44
APU0000712406,2016,2.38
APU0000712406,2017,2.22
APU0000712406,2018,2.37
APU0000712406,2019,2.4
APU0000712406,2020,2.45
APU0000712406,2025,
APU0000712407,1980,0.38
APU0000712407,1981,0.39
APU0000712407,1982,0.4
APU0000712407,1983,0.41
APU0000712407,1984,0.43
APU0000712407,1985,0.39
APU0000712407,1986,0.41
APU0000712407,1987,0.42
APU0000712407,1988,0.59
APU0000712408,1980,0.65
APU0000712408,1981,0.64
APU0000712408,1982,0.71
APU0000712408,1983,0.77
APU0000712408,1984,0.8
APU0000712408,1985,0.76
APU0000712408,1986,0.85
APU0000712408,1987,0.83
APU0000712408,1988,0.87
APU0000712408,1989,1.0
APU0000712409,1980,0.43
APU0000712409,1981,0.48
APU0000712409,1982,0.5
APU0000712409,1983,0.53
APU0000712409,1984,0.52
APU0000712409,1985,0.51
APU0000712409,1986,0.51
APU0000712409,1987,0.57
APU0000712409,1988,0.57
APU0000712409,1989,0.66
APU0000712409,1990,0.6
APU0000712409,1991,0.65
APU0000712409,1992,0.67
APU0000712409,1993,0.62
APU0000712409,1994,0.6
APU0000712409,1995,0.69
APU0000712409,1996,0.7
APU0000712409,1997,0.66
APU0000712409,1998,0.9
APU0000712409,1999,0.86
APU0000712409,2000,1.0
APU0000712410,1980,0.72
APU0000712410,1981,0.73
APU0000712410,1982,0.86
APU0000712410,1983,0.89
APU0000712410,1984,0.89
APU0000712410,1985,0.82
APU0000712410,1986,0.87
APU0000712410,1987,0.94
APU0000712410,1988,0.96
APU0000712410,1989,1.02
APU0000712411,1980,1.66
APU0000712411,1981,1.74
APU0000712411,1982,1.84
APU0000712411,1983,1.87
APU0000712411,1984,1.89
APU0000712411,1985,1.9
APU0000712411,1986,1.98
APU0000712412,1995,0.86
APU0000712412,1996,0.91
APU0000712412,1997,0.98
APU0000712412,1998,1.1
APU0000712412,1999,1.01
APU0000712412,2000,1.14
APU0000712412,2001,0.98
APU0000712412,2002,1.19
APU0000712412,2003,1.2
APU0000712412,2004,1.2
APU0000712412,2005,1.32
APU0000712412,2006,1.45
APU0000712412,2007,1.59
APU0000712412,2008,1.67
APU0000712412,2009,1.6
APU0000712412,2010,1.58
APU0000712412,2011,1.7
APU0000712412,2012,1.6
APU0000712412,2013,1.85
APU0000712412,2014,1.76
APU0000712412,2015,1.79
APU0000712412,2016,1.63
APU0000712412,2017,1.81
APU0000712412,2018,1.85
APU0000712412,2019,2.0
APU0000712412,2020,1.99
APU0000712412,2025,
APU0000713111,1980,1.18
APU0000713111,1981,1.39
APU0000713111,1982,1.47
APU0000713111,1983,1.37
APU0000713111,1984,1.62
APU0000713111,1985,1.75
APU0000713111,1986,1.54
APU0000713111,1987,1.53
APU0000713111,1988,1.82
APU0000713111,1989,1.86
APU0000713111,1990,2.15
APU0000713111,1991,1.84
APU0000713111,1992,1.89
APU0000713111,1993,1.63
APU0000713111,1994,1.61
APU0000713111,1995,1.61
APU0000713111,1996,1.7
APU0000713111,1997,1.73
APU0000713111,1998,1.63
APU0000713111,1999,1.79
APU0000713111,2000,1.84
APU0000713111,2001,1.89
APU0000713111,2002,1.85
APU0000713111,2003,1.85
APU0000713111,2004,1.89
APU0000713111,2005,1.83
APU0000713111,2006,1.97
APU0000713111,2007,2.5
APU0000713111,2008,2.54
APU0000713111,2009,2.57
APU0000713111,2010,2.47
APU0000713111,2011,2.63
APU0000713111,2012,2.67
APU0000713111,2013,2.51
APU0000713111,2014,2.53
APU0000713111,2015,2.71
APU0000713111,2016,2.71
APU0000713111,2017,2.65
APU0000713111,2018,2.49
APU0000713111,2019,2.41
APU0000713111,2020,2.33
APU0000713111,2021,2.5
APU0000713111,2022,2.76
APU0000713111,2023,3.28
APU0000713111,2024,4.24
APU0000713111,2025,4.59
APU0000715111,1980,1.43
APU0000715111,1981,1.69
APU0000715111,1982,1.83
APU0000715111,1983,1.84
APU0000715111,1984,1.94
APU0000715111,1985,2.01
APU0000715111,1986,2.0
APU0000715212,1980,0.42
APU0000715212,1981,0.38
APU0000715212,1982,0.33
APU0000715212,1983,0.35
APU0000715212,1984,0.35
APU0000715212,1985,0.35
APU0000715212,1986,0.34
APU0000715212,1987,0.34
APU0000715212,1988,0.35
APU0000715212,1989,0.38
APU0000715212,1990,0.4
APU0000715212,1991,0.4
APU0000715212,1992,0.38
APU0000715212,1993,0.38
APU0000715212,1994,0.37
APU0000715212,1995,0.38
APU0000715212,1996,0.41
APU0000715212,1997,0.42
APU0000715212,1998,0.41
APU0000715212,1999,0.42
APU0000715212,2000,0.41
APU0000715212,2001,0.42
APU0000715212,2002,0.42
APU0000715212,2003,0.42
APU0000715212,2004,0.42
APU0000715212,2005,0.42
APU0000715212,2006,0.47
APU0000715212,2007,0.5
APU0000715212,2008,0.5
APU0000715212,2009,0.55
APU0000715212,2010,0.61
APU0000715212,2011,0.67
APU0000715212,2012,0.69
APU0000715212,2013,0.65
APU0000715212,2014,0.61
APU0000715212,2015,0.65
APU0000715212,2016,0.63
APU0000715212,2017,0.62
APU0000715212,2018,0.57
APU0000715212,2019,0.57
APU0000715212,2020,0.61
APU0000715212,2021,0.65
APU0000715212,2022,0.71
APU0000715212,2025,
APU0000715311,1980,0.82
APU0000715311,1981,0.9
APU0000716141,1984,1.49
APU0000716141,1985,1.54
APU0000716141,1986,1.6
APU0000716141,1987,1.8
APU0000716141,1988,1.79
APU0000716141,1989,1.81
APU0000716141,1990,1.89
APU0000716141,1991,2.15
APU0000716141,1992,1.94
APU0000716141,1993,1.84
APU0000716141,1994,1.85
APU0000716141,1995,1.8
APU0000716141,1996,1.79
APU0000716141,1997,1.78
APU0000716141,1998,1.8
APU0000716141,1999,1.82
APU0000716141,2000,1.89
APU0000716141,2001,1.95
APU0000716141,2002,1.96
APU0000716141,2003,1.92
APU0000716141,2004,1.81
APU0000716141,2005,1.71
APU0000716141,2006,1.71
APU0000716141,2007,1.79
APU0000716141,2008,2.03
APU0000716141,2009,2.12
APU0000716141,2010,2.03
APU0000716141,2011,2.09
APU0000716141,2012,2.78
APU0000716141,2013,2.73
APU0000716141,2014,2.6
APU0000716141,2015,2.68
APU0000716141,2016,2.58
APU0000716141,2017,2.55
APU0000717112,1980,0.24
APU0000717112,1981,0.26
APU0000717311,1980,3.14
APU0000717311,1981,2.53
APU0000717311,1982,2.52
APU0000717311,1983,2.47
APU0000717311,1984,2.58
APU0000717311,1985,2.58
APU0000717311,1986,3.43
APU0000717311,1987,2.79
APU0000717311,1988,2.77
APU0000717311,1989,3.07
APU0000717311,1990,2.97
APU0000717311,1991,2.81
APU0000717311,1992,2.58
APU0000717311,1993,2.47
APU0000717311,1994,3.4
APU0000717311,1995,4.04
APU0000717311,1996,3.43
APU0000717311,1997,4.11
APU0000717311,1998,3.76
APU0000717311,1999,3.43
APU0000717311,2000,3.45
APU0000717311,2001,3.09
APU0000717311,2002,2.92
APU0000717311,2003,2.92
APU0000717311,2004,2.85
APU0000717311,2005,3.26
APU0000717311,2006,3.2
APU0000717311,2007,3.47
APU0000717311,2009,3.67
APU0000717311,2010,3.91
APU0000717311,2011,5.19
APU0000717311,2012,5.68
APU0000717311,2013,5.45
APU0000717311,2014,4.99
APU0000717311,2015,4.72
APU0000717311,2016,4.39
APU0000717311,2017,4.45
APU0000717311,2018,4.3
APU0000717311,2019,4.14
APU0000717311,2020,4.43
APU0000717311,2021,4.7
APU0000717311,2022,5.89
APU0000717311,2023,6.16
APU0000717311,2024,6.32
APU0000717311,2025,8.18
APU0000718311,1980,2.04
APU0000718311,1981,2.28
APU0000718311,1982,2.4
APU0000718311,1983,2.5
APU0000718311,1984,2.57
APU0000718311,1985,2.61
APU0000718311,1986,2.68
APU0000718311,1987,2.75
APU0000718311,1988,2.62
APU0000718311,1989,2.86
APU0000718311,1990,2.96
APU0000718311,1991,2.96
APU0000718311,1992,2.9
APU0000718311,1993,2.88
APU0000718311,1994,2.97
APU0000718311,1995,3.0
APU0000718311,1996,3.06
APU0000718311,1997,3.13
APU0000718311,1998,3.16
APU0000718311,1999,3.26
APU0000718311,2000,3.36
APU0000718311,2001,3.43
APU0000718311,2002,3.36
APU0000718311,2003,3.5
APU0000718311,2004,3.4
APU0000718311,2005,3.37
APU0000718311,2006,3.47
APU0000718311,2007,3.53
APU0000718311,2008,4.02
APU0000718311,2009,4.57
APU0000718311,2010,4.64
APU0000718311,2011,4.97
APU0000718311,2012,4.99
APU0000718311,2013,4.66
APU0000718311,2014,4.37
APU0000718311,2015,4.41
APU0000718311,2016,4.46
APU0000718311,2017,4.41
APU0000718311,2018,4.45
APU0000718311,2019,4.49
APU0000718311,2020,4.92
APU0000718311,2021,5.08
APU0000718311,2022,5.83
APU0000718311,2023,6.45
APU0000718311,2024,6.45
APU0000718311,2025,6.71
APU0000720211,1985,7.22
APU0000720211,1986,7.4
APU0000720222,1995,9.11
APU0000720222,1996,9.1
APU0000720222,1997,9.47
APU0000720222,1998,9.0
APU0000720222,1999,9.41
APU0000720222,2000,9.79
APU0000720222,2001,10.02
APU0000720222,2011,14.64
APU0000720222,2012,15.37
APU0000720222,2015,13.52
APU0000720222,2017,14.88
APU0000720222,2020,14.24
APU0000720222,2024,12.51
APU0000720222,2025,
APU0000720311,1995,4.57
APU0000720311,1996,4.93
APU0000720311,1997,5.17
APU0000720311,1998,5.07
APU0000720311,1999,5.24
APU0000720311,2000,5.41
APU0000720311,2001,5.96
APU0000720311,2002,6.23
APU0000720311,2003,6.39
APU0000720311,2004,6.92
APU0000720311,2005,7.77
APU0000720311,2006,7.9
APU0000720311,2007,8.55
APU0000720311,2008,9.45
APU0000720311,2009,10.07
APU0000720311,2010,9.65
APU0000720311,2011,9.93
APU0000720311,2012,10.28
APU0000720311,2013,10.72
APU0000720311,2014,11.7
APU0000720311,2015,12.25
APU0000720311,2016,12.33
APU0000720311,2017,12.66
APU0000720311,2018,12.46
APU0000720311,2019,12.06
APU0000720311,2020,12.42
APU0000720311,2021,13.19
APU0000720311,2022,13.48
APU0000720311,2023,13.4
APU0000720311,2024,13.73
APU0000720311,2025,13.97
APU0000FF1101,2006,3.3
APU0000FF1101,2007,3.43
APU0000FF1101,2008,3.4
APU0000FF1101,2009,3.33
APU0000FF1101,2010,3.3
APU0000FF1101,2011,3.19
APU0000FF1101,2012,3.24
APU0000FF1101,2013,3.45
APU0000FF1101,2014,3.46
APU0000FF1101,2015,3.41
APU0000FF1101,2016,3.25
APU0000FF1101,2017,3.2
APU0000FF1101,2018,3.08
APU0000FF1101,2019,3.02
APU0000FF1101,2020,3.22
APU0000FF1101,2021,3.45
APU0000FF1101,2022,4.32
APU0000FF1101,2023,4.23
APU0000FF1101,2024,4.05
APU0000FF1101,2025,4.16
APU0000FJ4101,2018,1.06
APU0000FJ4101,2019,1.12
APU0000FJ4101,2020,1.21
APU0000FJ4101,2021,1.22
APU0000FJ4101,2022,1.39
APU0000FJ4101,2023,1.55
APU0000FJ4101,2024,1.63
APU0000FJ4101,2025,1.53
APU0000FS1101,2018,4.07
APU0000FS1101,2019,3.98
APU0000FS1101,2020,3.62
APU0000FS1101,2021,3.58
APU0000FS1101,2022,4.38
APU0000FS1101,2023,4.56
APU0000FS1101,2024,4.74
APU0000FS1101,2025,4.76
